P0,PS Rate,Seed,Total T1s,Closure Time,Traction,Strain,Guidance,Rearrangement,T1 Rate
2.6,0.0,1,104.0,123.60000000000001,0.19790404772999004,0.008237562228032258,0.6551217339667459,0.3448782660332541,0.8414239482200647
2.6,0.0,2,32.0,103.2,0.20940580423697647,0.00796129298341413,0.6550768882858435,0.34492311171415646,0.31007751937984496
2.6,0.0,3,84.0,126.00000000000001,0.21090464247472782,0.008566964526030686,0.6676759436478303,0.33232405635216966,0.6666666666666666
2.6,0.0,4,71.0,85.20000000000002,0.22559207326803904,0.009021733397347806,0.6530176672858781,0.34698233271412193,0.8333333333333331
2.6,0.0,5,76.0,111.6,0.20108513274194809,0.008009408566337242,0.6614409499358151,0.33855905006418485,0.6810035842293907
2.6,1.0,1,225.0,87.60000000000002,0.2205037853746232,0.00813983657345799,0.7120528882450162,0.2879471117549838,2.568493150684931
2.6,1.0,2,76.0,66.0,0.224727360719344,0.007295222781923932,0.7977090920409624,0.2022909079590376,1.1515151515151516
2.6,1.0,3,167.0,91.20000000000002,0.22830980029932046,0.008576179627451757,0.7775240695840493,0.2224759304159507,1.8311403508771926
2.6,1.0,4,151.0,75.60000000000001,0.22315140489274224,0.007925961139566985,0.7467929292929293,0.2532070707070707,1.9973544973544972
2.6,1.0,5,120.0,88.80000000000001,0.2124336776008904,0.007242780905620308,0.775893540599423,0.22410645940057705,1.351351351351351
2.6,2.0,1,195.0,76.80000000000001,0.23133319881143252,0.008067922555439226,0.8186476085761407,0.18135239142385928,2.5390624999999996
2.6,2.0,2,48.0,88.80000000000001,0.21092106878424835,0.007126934372566582,0.8470210795056596,0.15297892049434036,0.5405405405405405
2.6,2.0,3,56.0,86.4,0.22768224556685226,0.00870181072075683,0.8674964228122374,0.13250357718776262,0.6481481481481481
2.6,2.0,4,79.0,79.2,0.21812135063850616,0.007549869888194468,0.8191715533957901,0.18082844660420994,0.9974747474747474
2.6,2.0,5,112.0,73.2,0.2207055422761217,0.007104467309266017,0.8380852233348469,0.16191477666515308,1.530054644808743
2.6,4.0,1,72.0,102.00000000000001,0.1979821316867625,0.007163863051560624,0.8996149205877007,0.10038507941229935,0.7058823529411764
2.6,4.0,2,36.0,88.80000000000001,0.2098581606012702,0.0075272631529616964,0.9215154720973288,0.07848452790267124,0.4054054054054054
2.6,4.0,3,88.0,105.60000000000001,0.2030451749245112,0.007594425439617937,0.9094216842178917,0.09057831578210829,0.8333333333333333
2.6,4.0,4,87.0,115.20000000000002,0.17930256840281555,0.005860569079484656,0.8843284151421291,0.11567158485787088,0.7552083333333333
2.6,4.0,5,60.0,88.80000000000001,0.19740596788662448,0.006539329727974808,0.9115368776106525,0.0884631223893475,0.6756756756756755
2.6,8.0,1,68.0,115.20000000000002,0.18470404716630853,0.006482450536740821,0.930613706478625,0.06938629352137504,0.5902777777777777
2.6,8.0,2,44.0,128.4,0.17366000961153152,0.005843973589041469,0.9585594912371516,0.04144050876284844,0.3426791277258567
2.6,8.0,3,84.0,111.6,0.1911152027018198,0.0065051595912317345,0.909563340527976,0.09043665947202395,0.7526881720430108
2.6,8.0,4,79.0,114.0,0.1803995248778475,0.00642402586423083,0.9238852735598939,0.07611472644010608,0.6929824561403509
2.6,8.0,5,64.0,100.8,0.19025806525850583,0.006294723526207553,0.9089128141586993,0.09108718584130071,0.6349206349206349
2.6,16.0,1,76.0,130.8,0.16390459526777268,0.004974226207481526,0.9393947030214449,0.0606052969785551,0.581039755351682
2.6,16.0,2,36.0,120.00000000000001,0.1760776889189665,0.006159301461522868,0.9606234358665695,0.03937656413343049,0.3
2.6,16.0,3,68.0,128.4,0.17883572753770108,0.0068079876047957635,0.9608405501070274,0.0391594498929726,0.5295950155763239
2.6,16.0,4,68.0,123.60000000000001,0.17173482316149463,0.0059937991802277634,0.9379001019367992,0.06209989806320082,0.5501618122977346
2.6,16.0,5,60.0,124.80000000000001,0.17033448685018882,0.005709555473942074,0.9445395646992754,0.05546043530072464,0.4807692307692307
2.6,1000.0,1,68.0,126.00000000000001,0.17172998972410333,0.006292314656908645,0.9696340675185203,0.030365932481479674,0.5396825396825397
2.6,1000.0,2,32.0,112.80000000000001,0.1743273015714103,0.005787352481874553,0.9877526954177898,0.012247304582210239,0.2836879432624113
2.6,1000.0,3,68.0,126.00000000000001,0.17396347929978212,0.0064877583486076746,0.9742737514568136,0.025726248543186392,0.5396825396825397
2.6,1000.0,4,75.0,126.00000000000001,0.16636537657988137,0.0057700690772944365,0.951301261829653,0.04869873817034698,0.5952380952380951
2.6,1000.0,5,52.0,127.2,0.16011418282555667,0.005209926577643013,0.9568631001655629,0.04313689983443714,0.40880503144654085
2.8000000000000003,0.0,1,79.0,85.20000000000002,0.21402137526445164,0.007091590787878186,0.6952294872360125,0.3047705127639875,0.9272300469483566
2.8000000000000003,0.0,2,72.0,88.80000000000001,0.21158659953467163,0.007394499402229425,0.6731313578062804,0.3268686421937196,0.8108108108108107
2.8000000000000003,0.0,3,128.0,112.80000000000001,0.2072108180432311,0.007654429976268953,0.6407706650093226,0.35922933499067744,1.1347517730496453
2.8000000000000003,0.0,4,92.0,78.0,0.2176848005912925,0.0074826829353098,0.6123614510576483,0.3876385489423517,1.1794871794871795
2.8000000000000003,0.0,5,72.0,98.40000000000002,0.2032067044800537,0.0068424056266074215,0.6581482320942883,0.3418517679057117,0.7317073170731706
2.8000000000000003,1.0,1,220.0,74.4,0.22108273058615402,0.0066723184076466074,0.7634289734184212,0.2365710265815788,2.9569892473118276
2.8000000000000003,1.0,2,92.0,66.0,0.22962225983093681,0.0068845819849533306,0.7998858483685829,0.2001141516314171,1.393939393939394
2.8000000000000003,1.0,3,80.0,63.6,0.24150122761185444,0.007542142093223215,0.7865491533990396,0.21345084660096036,1.2578616352201257
2.8000000000000003,1.0,4,148.0,100.8,0.21241200906188,0.006931321328697477,0.6900830199647574,0.3099169800352426,1.4682539682539684
2.8000000000000003,1.0,5,96.0,88.80000000000001,0.2150188893592295,0.007313813508945812,0.721964921308804,0.27803507869119604,1.081081081081081
2.8000000000000003,2.0,1,136.0,73.2,0.21912354144961396,0.006183648811938979,0.7925022448368751,0.20749775516312485,1.8579234972677594
2.8000000000000003,2.0,2,80.0,64.80000000000001,0.2261320702902424,0.006721505304795144,0.817386975325928,0.18261302467407203,1.2345679012345676
2.8000000000000003,2.0,3,112.0,78.0,0.23130080434348407,0.007811335756733156,0.8103932222594186,0.18960677774058143,1.435897435897436
2.8000000000000003,2.0,4,165.0,70.80000000000001,0.2284479746575655,0.007176751349142242,0.7637851561537135,0.23621484384628655,2.3305084745762707
2.8000000000000003,2.0,5,104.0,62.400000000000006,0.2326677554524002,0.007001317465730893,0.8075058732566093,0.19249412674339073,1.6666666666666665
2.8000000000000003,4.0,1,108.0,66.0,0.22043297665355263,0.0072289547971261066,0.859074850960477,0.14092514903952302,1.6363636363636365
2.8000000000000003,4.0,2,48.0,98.40000000000002,0.19158762173452074,0.005914415117536392,0.95068359375,0.04931640625,0.48780487804878037
2.8000000000000003,4.0,3,68.0,114.0,0.18861279761879243,0.005683903293517226,0.8988924101283652,0.10110758987163482,0.5964912280701754
2.8000000000000003,4.0,4,128.0,93.60000000000001,0.19462518779450774,0.005933409759196587,0.8837113402061856,0.11628865979381442,1.3675213675213673
2.8000000000000003,4.0,5,84.0,64.80000000000001,0.22543436085038127,0.006895124746469082,0.8693888812249966,0.13061111877500342,1.296296296296296
2.8000000000000003,8.0,1,88.0,98.40000000000002,0.1864872565521416,0.005150424827633096,0.9153697861899754,0.08463021381002456,0.8943089430894308
2.8000000000000003,8.0,2,44.0,106.80000000000001,0.17374988512279532,0.004739507721723837,0.9611056662673781,0.038894333732621855,0.4119850187265917
2.8000000000000003,8.0,3,60.0,93.60000000000001,0.1961053007293144,0.005955153750261463,0.9618480492813142,0.03815195071868582,0.641025641025641
2.8000000000000003,8.0,4,88.0,96.00000000000001,0.18482488618566484,0.005298259682175754,0.9091021869351008,0.09089781306489919,0.9166666666666665
2.8000000000000003,8.0,5,68.0,97.2,0.1904816393585269,0.0057303636120867255,0.9083312230944542,0.09166877690554576,0.6995884773662551
2.8000000000000003,16.0,1,100.0,128.4,0.1642074883855838,0.004512799934771665,0.9268031405541693,0.07319685944583065,0.778816199376947
2.8000000000000003,16.0,2,24.0,103.2,0.18070093753608227,0.0055262439503808835,0.9755425678442468,0.024457432155753245,0.23255813953488372
2.8000000000000003,16.0,3,64.0,120.00000000000001,0.18136578930532654,0.005596732862529935,0.9571621474801719,0.04283785251982808,0.5333333333333332
2.8000000000000003,16.0,4,95.0,106.80000000000001,0.18111845924484227,0.004991104494825421,0.9300873907615481,0.06991260923845188,0.8895131086142322
2.8000000000000003,16.0,5,44.0,93.60000000000001,0.18610501069677396,0.005398138151834059,0.9512466194939428,0.04875338050605715,0.47008547008547
2.8000000000000003,1000.0,1,72.0,111.6,0.16655952323773449,0.004575667874413754,0.9561041107209254,0.04389588927907462,0.6451612903225806
2.8000000000000003,1000.0,2,28.0,96.00000000000001,0.18096042284872493,0.004922462692644565,0.9856738662628517,0.014326133737148306,0.29166666666666663
2.8000000000000003,1000.0,3,52.0,108.0,0.18512770555296937,0.006139135176291251,0.9717955642575026,0.028204435742497425,0.48148148148148145
2.8000000000000003,1000.0,4,75.0,115.20000000000002,0.16589171729477264,0.004653691728446074,0.9485093250247338,0.05149067497526616,0.6510416666666665
2.8000000000000003,1000.0,5,56.0,104.4,0.17955577588972033,0.005354971438888801,0.9638848455442341,0.03611515445576585,0.5363984674329502
3.0,0.0,1,83.0,105.60000000000001,0.20262072381417048,0.005636767341616732,0.6310071711441722,0.36899282885582785,0.7859848484848484
3.0,0.0,2,84.0,92.4,0.2098046625721807,0.006091744008039359,0.6482862048729596,0.3517137951270404,0.9090909090909091
3.0,0.0,3,116.0,106.80000000000001,0.21028986265537558,0.006761045083679857,0.6598665541836031,0.34013344581639693,1.0861423220973783
3.0,0.0,4,80.0,76.80000000000001,0.21763059950013608,0.006689720921878256,0.6262648926383809,0.3737351073616191,1.0416666666666665
3.0,0.0,5,76.0,91.20000000000002,0.21906397196103114,0.007172882910173593,0.6489246970754298,0.35107530292457023,0.8333333333333331
3.0,1.0,1,136.0,82.80000000000001,0.21633080264147836,0.006242914604599483,0.70484524304113,0.29515475695886995,1.6425120772946857
3.0,1.0,2,200.0,66.0,0.22972140746697223,0.0061815386795766045,0.8133636250466825,0.18663637495331753,3.0303030303030303
3.0,1.0,3,96.0,75.60000000000001,0.24098652106136909,0.007789467936826236,0.725438201055395,0.274561798944605,1.2698412698412698
3.0,1.0,4,136.0,68.4,0.22649183799402509,0.006545338491079431,0.717446235049694,0.28255376495030604,1.9883040935672514
3.0,1.0,5,136.0,68.4,0.23483601737783408,0.007212593606108728,0.7549060050680653,0.24509399493193473,1.9883040935672514
3.0,2.0,1,220.0,66.0,0.23112052234064093,0.00637432218750754,0.7849734961972805,0.21502650380271948,3.3333333333333335
3.0,2.0,2,108.0,64.80000000000001,0.22844859522832667,0.006362469168219576,0.8087429974192736,0.19125700258072642,1.6666666666666663
3.0,2.0,3,112.0,81.6,0.22120647279132413,0.006350338741239083,0.8600908563696115,0.13990914363038853,1.3725490196078431
3.0,2.0,4,127.0,61.2,0.22610648015089507,0.00694285294205335,0.7684935797056061,0.23150642029439394,2.07516339869281
3.0,2.0,5,140.0,55.2,0.23919411779529484,0.006683025594998543,0.8636245207875832,0.13637547921241677,2.5362318840579707
3.0,4.0,1,88.0,58.80000000000001,0.23513513193846997,0.006469732384295283,0.8676935600012523,0.1323064399987477,1.496598639455782
3.0,4.0,2,68.0,62.400000000000006,0.21988018548009863,0.005598355771311372,0.9355882935852546,0.06441170641474536,1.0897435897435896
3.0,4.0,3,56.0,60.00000000000001,0.23378704281700363,0.0068846911505179,0.8717440923737916,0.12825590762620842,0.9333333333333332
3.0,4.0,4,91.0,69.60000000000001,0.2101825122963692,0.0054771595071990385,0.8597237540045166,0.14027624599548338,1.307471264367816
3.0,4.0,5,80.0,66.0,0.22296845010687336,0.006288016919975595,0.8775386393182146,0.12246136068178537,1.2121212121212122
3.0,8.0,1,72.0,88.80000000000001,0.1943987146081185,0.00551057091171931,0.9376232547132602,0.062376745286739754,0.8108108108108107
3.0,8.0,2,56.0,79.2,0.2080101529567971,0.00549061171843823,0.9412801839785359,0.058719816021464144,0.7070707070707071
3.0,8.0,3,52.0,88.80000000000001,0.20996807766387907,0.006306102260067668,0.9171802609767501,0.0828197390232499,0.5855855855855855
3.0,8.0,4,112.0,106.80000000000001,0.18690648207602514,0.004890351478669184,0.8827400682134794,0.11725993178652061,1.048689138576779
3.0,8.0,5,68.0,74.4,0.21077563212838982,0.0055295147189072455,0.9165954746271571,0.08340452537284293,0.9139784946236559
3.0,16.0,1,48.0,97.2,0.1941423492061291,0.005591787375076431,0.9415474654210364,0.0584525345789636,0.49382716049382713
3.0,16.0,2,36.0,94.80000000000001,0.19647712154407476,0.005346233839058142,0.9525491557261572,0.04745084427384283,0.37974683544303794
3.0,16.0,3,56.0,110.4,0.18141161817376691,0.004921933859193516,0.9489896417048735,0.05101035829512646,0.5072463768115941
3.0,16.0,4,99.0,97.2,0.1871852986532404,0.004657626380102454,0.9135347627096112,0.0864652372903888,1.0185185185185184
3.0,16.0,5,52.0,91.20000000000002,0.18751391827958064,0.004727626651076411,0.9451996342578483,0.054800365742151746,0.5701754385964911
3.0,1000.0,1,56.0,92.4,0.1832289949765985,0.004491496171986809,0.9401658877209835,0.05983411227901647,0.6060606060606061
3.0,1000.0,2,36.0,104.4,0.19101149548967652,0.005409834057612976,0.9792378015199912,0.02076219848000882,0.3448275862068965
3.0,1000.0,3,52.0,106.80000000000001,0.18418470645727494,0.005039544275404568,0.9663281481352448,0.03367185186475519,0.48689138576779023
3.0,1000.0,4,76.0,98.40000000000002,0.17981616328090294,0.004383617253215091,0.947690824016859,0.052309175983141,0.7723577235772356
3.0,1000.0,5,56.0,103.2,0.18518761229833158,0.004868967704099728,0.9634123544906109,0.03658764550938909,0.5426356589147286
3.2,0.0,1,84.0,84.0,0.22263490275364917,0.006905451847443113,0.6928270621624096,0.30717293783759037,1.0
3.2,0.0,2,64.0,82.80000000000001,0.2210772112105074,0.006494798556602188,0.6713975132520702,0.3286024867479298,0.7729468599033815
3.2,0.0,3,68.0,76.80000000000001,0.223353140497141,0.0061127998814086435,0.6821258328724553,0.3178741671275447,0.8854166666666665
3.2,0.0,4,135.0,80.4,0.2169426642288006,0.006180268581167656,0.6314614136950236,0.3685385863049764,1.6791044776119401
3.2,0.0,5,84.0,80.4,0.2285096902513883,0.006706763528514818,0.6884952325637674,0.31150476743623257,1.044776119402985
3.2,1.0,1,156.0,63.6,0.243827043333569,0.006762472746777167,0.8081515868149836,0.19184841318501644,2.452830188679245
3.2,1.0,2,136.0,70.80000000000001,0.2385478346982021,0.007099208961722169,0.76933081472765,0.23066918527235003,1.9209039548022595
3.2,1.0,3,184.0,63.6,0.23595123101296597,0.0058823623905886755,0.7628878762515887,0.23711212374841129,2.893081761006289
3.2,1.0,4,195.0,69.60000000000001,0.2294087548616648,0.006697173194173278,0.6796006993401388,0.3203993006598612,2.8017241379310343
3.2,1.0,5,128.0,61.2,0.24216850179056917,0.006798984283120757,0.7667888489087669,0.23321115109123314,2.0915032679738563
3.2,2.0,1,100.0,72.0,0.225151814589292,0.005700229563356217,0.7962538528412234,0.2037461471587766,1.3888888888888888
3.2,2.0,2,84.0,55.2,0.23985802270886294,0.006311913006249809,0.8851001575512042,0.11489984244879581,1.5217391304347825
3.2,2.0,3,136.0,61.2,0.22601844124174938,0.0056473747119136514,0.8602009169363538,0.1397990830636462,2.2222222222222223
3.2,2.0,4,244.0,51.6,0.24582915677550818,0.007111955568277159,0.739320273778617,0.260679726221383,4.728682170542635
3.2,2.0,5,192.0,56.400000000000006,0.24394705518184623,0.006869844481402827,0.8054323725055432,0.19456762749445677,3.4042553191489358
3.2,4.0,1,270.0,58.80000000000001,0.23895206013630876,0.006404763464458744,0.8654670094258783,0.1345329905741217,4.591836734693877
3.2,4.0,2,72.0,56.400000000000006,0.23795049793390774,0.006352779054631883,0.9179087538775819,0.08209124612241814,1.276595744680851
3.2,4.0,3,100.0,48.00000000000001,0.2333438378830612,0.005723049725920347,0.8738036157390996,0.1261963842609004,2.083333333333333
3.2,4.0,4,148.0,46.800000000000004,0.2513110687440581,0.006486031934224932,0.753607103218646,0.246392896781354,3.1623931623931623
3.2,4.0,5,80.0,58.80000000000001,0.2354473140969762,0.006432531745009701,0.8990915626429645,0.10090843735703547,1.3605442176870746
3.2,8.0,1,92.0,79.2,0.21117026022297583,0.005530559522397411,0.935545497964475,0.06445450203552505,1.1616161616161615
3.2,8.0,2,36.0,84.0,0.2098739042355704,0.005438034067215669,0.9609850516545789,0.039014948345421074,0.42857142857142855
3.2,8.0,3,64.0,69.60000000000001,0.21859367696414803,0.005648028988190969,0.9202776547038842,0.07972234529611577,0.9195402298850573
3.2,8.0,4,88.0,76.80000000000001,0.20784658455781874,0.005062062274138796,0.8845351747149874,0.11546482528501256,1.1458333333333333
3.2,8.0,5,72.0,57.60000000000001,0.24236387977357662,0.006956993307382153,0.8940790552730852,0.10592094472691482,1.2499999999999998
3.2,16.0,1,83.0,84.0,0.20553620191900698,0.005111197193276348,0.9198203697244507,0.08017963027554931,0.9880952380952381
3.2,16.0,2,40.0,91.20000000000002,0.20205244098328057,0.005063812558482443,0.969797382861967,0.03020261713803296,0.4385964912280701
3.2,16.0,3,60.0,75.60000000000001,0.20854919884412673,0.005251053447264607,0.9594384965541795,0.040561503445820546,0.7936507936507936
3.2,16.0,4,87.0,90.0,0.19181797468997883,0.00479291332176597,0.9003672113310925,0.09963278866890746,0.9666666666666667
3.2,16.0,5,56.0,86.4,0.20737843609828102,0.005916528535956989,0.9312315745141688,0.06876842548583117,0.6481481481481481
3.2,1000.0,1,68.0,96.00000000000001,0.19306358050212064,0.004738372284081039,0.9494585491289703,0.05054145087102968,0.7083333333333333
3.2,1000.0,2,36.0,86.4,0.20071155491076614,0.005049766001439468,0.9720028876957091,0.027997112304290916,0.41666666666666663
3.2,1000.0,3,60.0,87.60000000000002,0.19520328537857784,0.0047200711342399795,0.9702682483702041,0.02973175162979591,0.6849315068493149
3.2,1000.0,4,99.0,91.20000000000002,0.1925993970373518,0.004651909639588146,0.9306766055045872,0.0693233944954128,1.0855263157894735
3.2,1000.0,5,56.0,98.40000000000002,0.18359534325414537,0.004069985153277982,0.9500771355792343,0.049922864420765656,0.5691056910569104
3.4000000000000004,0.0,1,80.0,86.4,0.2202432395717034,0.006046553684011237,0.6315026043383661,0.36849739566163386,0.9259259259259258
3.4000000000000004,0.0,2,100.0,80.4,0.22273948800417673,0.005481648959664267,0.6985580164946315,0.30144198350536855,1.243781094527363
3.4000000000000004,0.0,3,111.0,78.0,0.22533778144265157,0.005903278835173851,0.6859638694337477,0.31403613056625235,1.4230769230769231
3.4000000000000004,0.0,4,112.0,73.2,0.22419406820759383,0.00578659225118242,0.6278611096693829,0.3721388903306171,1.530054644808743
3.4000000000000004,0.0,5,92.0,66.0,0.23415216778806552,0.0065160955188062935,0.7143405644077558,0.28565943559224416,1.393939393939394
3.4000000000000004,1.0,1,200.0,72.0,0.2357122094293248,0.006170998752329466,0.7229173712095592,0.27708262879044077,2.7777777777777777
3.4000000000000004,1.0,2,116.0,73.2,0.23236107295337174,0.00582082016654542,0.7025904629145612,0.2974095370854388,1.5846994535519126
3.4000000000000004,1.0,3,199.0,54.0,0.2500066363264506,0.006683013092814058,0.7608670089758163,0.23913299102418373,3.685185185185185
3.4000000000000004,1.0,4,290.0,68.4,0.2308113872297404,0.006092767062614767,0.6902474763920547,0.30975252360794525,4.239766081871345
3.4000000000000004,1.0,5,136.0,63.6,0.23579308632652843,0.006448379358779875,0.736178107606679,0.263821892393321,2.138364779874214
3.4000000000000004,2.0,1,205.0,58.80000000000001,0.24929850265648007,0.006796711719619756,0.7633211924996628,0.2366788075003372,3.486394557823129
3.4000000000000004,2.0,2,160.0,55.2,0.24440322093493594,0.0060128922939540076,0.8069320441342742,0.19306795586572578,2.898550724637681
3.4000000000000004,2.0,3,157.0,61.2,0.24852455279543734,0.006615407448706324,0.7460322580645161,0.2539677419354839,2.5653594771241828
3.4000000000000004,2.0,4,252.0,57.60000000000001,0.23872281507036167,0.005984191501256534,0.7144725370531823,0.28552746294681774,4.374999999999999
3.4000000000000004,2.0,5,140.0,51.6,0.23949660683568688,0.006094504530060676,0.8256693156392254,0.1743306843607746,2.7131782945736433
3.4000000000000004,4.0,1,144.0,55.2,0.23489805042179562,0.005751487110503136,0.8524602293747687,0.14753977062523127,2.608695652173913
3.4000000000000004,4.0,2,36.0,69.60000000000001,0.22392400546819174,0.005156838146164216,0.9225252320772723,0.07747476792272767,0.5172413793103448
3.4000000000000004,4.0,3,107.0,49.20000000000001,0.24855418798517287,0.006518802346366035,0.8628972492262087,0.1371027507737913,2.1747967479674792
3.4000000000000004,4.0,4,168.0,50.4,0.2494156352932502,0.0067013105007328435,0.776824034334764,0.223175965665236,3.3333333333333335
3.4000000000000004,4.0,5,64.0,64.80000000000001,0.22858859942115992,0.005462419931985006,0.8731574749652911,0.12684252503470894,0.9876543209876542
3.4000000000000004,8.0,1,72.0,80.4,0.218797404246872,0.005599714678305958,0.8925297487880124,0.10747025121198761,0.8955223880597014
3.4000000000000004,8.0,2,40.0,91.20000000000002,0.2043774572114246,0.004616773993229623,0.9392291020356126,0.060770897964387394,0.4385964912280701
3.4000000000000004,8.0,3,123.0,74.4,0.2182448737286943,0.005480131057996138,0.917090928997646,0.082909071002354,1.6532258064516128
3.4000000000000004,8.0,4,192.0,60.00000000000001,0.23426551125114306,0.006366916545465804,0.8164377151642769,0.18356228483572312,3.1999999999999997
3.4000000000000004,8.0,5,84.0,61.2,0.23190017395739707,0.005312123498919576,0.9016911994989039,0.09830880050109614,1.3725490196078431
3.4000000000000004,16.0,1,76.0,85.20000000000002,0.20551850596490237,0.004948143714246306,0.9323768373612288,0.06762316263877122,0.8920187793427228
3.4000000000000004,16.0,2,44.0,86.4,0.20983297964807932,0.005108999265649177,0.9714260181854739,0.028573981814526084,0.5092592592592592
3.4000000000000004,16.0,3,91.0,68.4,0.2172115070153573,0.0050264987096277445,0.9384062107546524,0.06159378924534764,1.330409356725146
3.4000000000000004,16.0,4,95.0,87.60000000000002,0.20039261224562735,0.004445930013636084,0.9166267469227084,0.0833732530772916,1.0844748858447486
3.4000000000000004,16.0,5,56.0,80.4,0.2142490228603161,0.005453170402037848,0.9348832010729854,0.06511679892701461,0.6965174129353233
3.4000000000000004,1000.0,1,75.0,102.00000000000001,0.19089457625612685,0.004223804053729526,0.9344718992248062,0.06552810077519378,0.7352941176470588
3.4000000000000004,1000.0,2,32.0,91.20000000000002,0.20010453608117343,0.0045679201382038265,0.981420208704505,0.01857979129549503,0.35087719298245607
3.4000000000000004,1000.0,3,99.0,87.60000000000002,0.20341816027255072,0.005107714374090006,0.9499153831323236,0.0500846168676764,1.1301369863013695
3.4000000000000004,1000.0,4,92.0,84.0,0.1910287675402403,0.004058448935113943,0.922646881559532,0.077353118440468,1.0952380952380953
3.4000000000000004,1000.0,5,48.0,91.20000000000002,0.19508394525901795,0.004419594053897166,0.9564347894282801,0.043565210571719915,0.5263157894736841
3.6,0.0,1,104.0,69.60000000000001,0.23553788593092093,0.005987913154323291,0.6841247083298192,0.3158752916701808,1.4942528735632181
3.6,0.0,2,79.0,74.4,0.2339365848401336,0.005897235523098225,0.6916810454558312,0.3083189545441688,1.0618279569892473
3.6,0.0,3,136.0,70.80000000000001,0.2274709490063495,0.00521718585134398,0.67799789671148,0.32200210328851997,1.9209039548022595
3.6,0.0,4,132.0,61.2,0.23915051269515789,0.006483404110913595,0.6251040261715499,0.3748959738284501,2.156862745098039
3.6,0.0,5,76.0,74.4,0.2248148776159887,0.005636241578912401,0.6782248281439547,0.3217751718560453,1.021505376344086
3.6,1.0,1,303.0,57.60000000000001,0.24341464879989494,0.005891423737310387,0.7658798966700874,0.23412010332991262,5.260416666666666
3.6,1.0,2,124.0,57.60000000000001,0.24670350482426903,0.005997914671040601,0.8431101818612174,0.15688981813878256,2.1527777777777777
3.6,1.0,3,181.0,57.60000000000001,0.25065689635271377,0.006920542730120708,0.7832077898217894,0.2167922101782106,3.1423611111111107
3.6,1.0,4,464.0,73.2,0.23843022561112867,0.006259388684099942,0.6841185447742825,0.31588145522571753,6.33879781420765
3.6,1.0,5,184.0,61.2,0.24377541187874516,0.005866745893118441,0.778112352274567,0.221887647725433,3.0065359477124183
3.6,2.0,1,300.0,46.800000000000004,0.25297315575000495,0.006227099009029863,0.8031983036621461,0.19680169633785394,6.41025641025641
3.6,2.0,2,60.0,49.20000000000001,0.25111512273739334,0.005635275716110333,0.8720625510160244,0.12793744898397563,1.219512195121951
3.6,2.0,3,124.0,50.4,0.25364171185996515,0.006248017150529837,0.819753192587178,0.18024680741282195,2.4603174603174605
3.6,2.0,4,216.0,54.0,0.24616172780556195,0.006214202541770825,0.7368203974503187,0.2631796025496813,4.0
3.6,2.0,5,256.0,61.2,0.23879696533103828,0.005482859599308319,0.7621143882699536,0.2378856117300464,4.183006535947713
3.6,4.0,1,175.0,46.800000000000004,0.2555469373358347,0.006396297420300354,0.8218412225121133,0.17815877748788667,3.739316239316239
3.6,4.0,2,68.0,54.0,0.24963550483488237,0.006224174437965894,0.9040277886191554,0.09597221138084455,1.2592592592592593
3.6,4.0,3,138.0,54.0,0.2393198820595342,0.005710311117340731,0.8322324431657009,0.16776755683429911,2.5555555555555554
3.6,4.0,4,159.0,58.80000000000001,0.236642595368826,0.0063947928740257665,0.8552777513705359,0.14472224862946415,2.7040816326530606
3.6,4.0,5,160.0,43.2,0.24894551224524558,0.006322211406840023,0.8874927787406124,0.11250722125938761,3.7037037037037033
3.6,8.0,1,156.0,58.80000000000001,0.23814662301612619,0.005958870929565152,0.887256991115628,0.11274300888437205,2.6530612244897953
3.6,8.0,2,44.0,64.80000000000001,0.2367700120751793,0.00571022096522343,0.9147311385024874,0.08526886149751256,0.6790123456790123
3.6,8.0,3,112.0,57.60000000000001,0.23623624171270594,0.006012569210189997,0.9131808820396279,0.08681911796037212,1.9444444444444442
3.6,8.0,4,156.0,64.80000000000001,0.22170211859273614,0.005433575091785301,0.8788257157790812,0.1211742842209188,2.407407407407407
3.6,8.0,5,104.0,70.80000000000001,0.2225116319677484,0.004839111345443477,0.9164040382458202,0.08359596175417983,1.4689265536723162
3.6,16.0,1,92.0,99.60000000000001,0.207322134774959,0.0047359329603732445,0.9292159439334209,0.07078405606657912,0.9236947791164658
3.6,16.0,2,48.0,72.0,0.2215726502757564,0.005092808668214357,0.9713322545846818,0.028667745415318246,0.6666666666666666
3.6,16.0,3,111.0,69.60000000000001,0.2188471463820618,0.004997997507937587,0.9348283310595725,0.06517166894042747,1.5948275862068964
3.6,16.0,4,107.0,69.60000000000001,0.21230450055168235,0.004943873533018358,0.888089549137752,0.11191045086224805,1.5373563218390802
3.6,16.0,5,60.0,70.80000000000001,0.22003535421364845,0.005025125609815105,0.9378438700301048,0.06215612996989517,0.8474576271186439
3.6,1000.0,1,75.0,90.0,0.20526079943877512,0.004491380106983867,0.9494994828965598,0.05050051710344017,0.8333333333333334
3.6,1000.0,2,35.0,91.20000000000002,0.20849510178495492,0.004785308334117356,0.9681551437645921,0.03184485623540789,0.3837719298245613
3.6,1000.0,3,76.0,85.20000000000002,0.2098651069339381,0.004775021059414488,0.9643848794245611,0.03561512057543892,0.8920187793427228
3.6,1000.0,4,108.0,73.2,0.21008610183983883,0.004672612701255446,0.9236995314053107,0.07630046859468931,1.4754098360655736
3.6,1000.0,5,52.0,69.60000000000001,0.21917983848619182,0.005433953907209931,0.9404907040536422,0.05950929594635779,0.7471264367816091
3.8000000000000003,0.0,1,138.0,74.4,0.2272451552854394,0.0053511019008311775,0.6843286811641242,0.31567131883587585,1.8548387096774193
3.8000000000000003,0.0,2,68.0,66.0,0.24052557255833143,0.005773753414520817,0.7136441929133859,0.2863558070866141,1.0303030303030303
3.8000000000000003,0.0,3,126.0,69.60000000000001,0.22445521953024256,0.005166736100470928,0.6789696602990751,0.32103033970092487,1.8103448275862066
3.8000000000000003,0.0,4,123.0,66.0,0.2266927249186649,0.005476203183260255,0.6144026640765922,0.38559733592340784,1.8636363636363635
3.8000000000000003,0.0,5,83.0,74.4,0.23331741796238017,0.00567187952956692,0.6690526842698036,0.3309473157301964,1.1155913978494623
3.8000000000000003,1.0,1,257.0,54.0,0.24643051592914195,0.005897916094795782,0.7511733290176404,0.24882667098235955,4.7592592592592595
3.8000000000000003,1.0,2,227.0,67.2,0.25604995730249763,0.006619790608596806,0.7792342417655911,0.22076575823440892,3.3779761904761902
3.8000000000000003,1.0,3,168.0,58.80000000000001,0.23515595944276002,0.005427825384060791,0.8064932735426009,0.19350672645739908,2.8571428571428568
3.8000000000000003,1.0,4,388.0,54.0,0.24057772133356575,0.0060850714863493385,0.7342582710779082,0.2657417289220918,7.185185185185185
3.8000000000000003,1.0,5,227.0,55.2,0.24355980213578982,0.006415245387364898,0.7358517311031575,0.2641482688968425,4.11231884057971
3.8000000000000003,2.0,1,167.0,57.60000000000001,0.2433908042549028,0.00562771394866926,0.8235696821515892,0.1764303178484108,2.899305555555555
3.8000000000000003,2.0,2,190.0,62.400000000000006,0.2600489822314688,0.006470841432383781,0.7958408805907761,0.20415911940922393,3.0448717948717947
3.8000000000000003,2.0,3,123.0,52.800000000000004,0.2424230205524325,0.006509012579712618,0.821420228918477,0.178579771081523,2.329545454545454
3.8000000000000003,2.0,4,267.0,48.00000000000001,0.24643944049055502,0.00601807059240054,0.7481834020311903,0.25181659796880973,5.562499999999999
3.8000000000000003,2.0,5,244.0,54.0,0.25189805780255436,0.006088342611222107,0.753032614222416,0.24696738577758404,4.518518518518518
3.8000000000000003,4.0,1,163.0,49.20000000000001,0.24898086582339182,0.006368863634338831,0.8415833045877888,0.15841669541221115,3.3130081300813004
3.8000000000000003,4.0,2,200.0,46.800000000000004,0.260731220302512,0.006464201990975668,0.864200559289604,0.13579944071039596,4.273504273504273
3.8000000000000003,4.0,3,196.0,46.800000000000004,0.25020467021694703,0.006341231570926607,0.7755047585164102,0.2244952414835898,4.188034188034187
3.8000000000000003,4.0,4,236.0,54.0,0.25487964102492844,0.006650119111211521,0.7946997651794699,0.20530023482053006,4.37037037037037
3.8000000000000003,4.0,5,131.0,60.00000000000001,0.24383137687425774,0.006339221880783542,0.909375,0.09062499999999996,2.183333333333333
3.8000000000000003,8.0,1,122.0,64.80000000000001,0.23058592988644885,0.005114184665561706,0.8830156236103288,0.11698437638967119,1.8827160493827158
3.8000000000000003,8.0,2,91.0,60.00000000000001,0.23660743443197355,0.005233684686801088,0.9126937751349122,0.08730622486508777,1.5166666666666664
3.8000000000000003,8.0,3,84.0,55.2,0.2452472502961414,0.006582154611469459,0.914970821487356,0.08502917851264402,1.5217391304347825
3.8000000000000003,8.0,4,236.0,40.8,0.2541847751812758,0.006741361492033995,0.8118942087574886,0.18810579124251137,5.784313725490197
3.8000000000000003,8.0,5,176.0,46.800000000000004,0.24344614741487997,0.005498828723651405,0.8609370578485669,0.1390629421514331,3.76068376068376
3.8000000000000003,16.0,1,128.0,60.00000000000001,0.23036643611704927,0.005110628506535255,0.9148319814600232,0.0851680185399768,2.133333333333333
3.8000000000000003,16.0,2,56.0,70.80000000000001,0.23248139712218008,0.005885995024832626,0.9521403429090496,0.047859657090950414,0.7909604519774011
3.8000000000000003,16.0,3,91.0,70.80000000000001,0.21019335858833002,0.00410420416509262,0.9396383715894326,0.06036162841056736,1.2853107344632766
3.8000000000000003,16.0,4,103.0,85.20000000000002,0.21290362612491953,0.004917404335116674,0.8813542334830019,0.1186457665169981,1.208920187793427
3.8000000000000003,16.0,5,108.0,66.0,0.22840952048701416,0.005503035271545345,0.9151518464860727,0.08484815351392727,1.6363636363636365
3.8000000000000003,1000.0,1,88.0,67.2,0.22189526943408291,0.005033777093750198,0.9402928723605081,0.05970712763949193,1.3095238095238095
3.8000000000000003,1000.0,2,48.0,76.80000000000001,0.2154078283959525,0.0045264136412403195,0.9804485193904101,0.01955148060958989,0.6249999999999999
3.8000000000000003,1000.0,3,80.0,68.4,0.2248131995238297,0.0055048384190427594,0.9511832691249312,0.04881673087506877,1.1695906432748537
3.8000000000000003,1000.0,4,104.0,72.0,0.2175920127279092,0.004743393595879526,0.9183257864347493,0.08167421356525073,1.4444444444444444
3.8000000000000003,1000.0,5,88.0,87.60000000000002,0.2091546721422388,0.004760779878367699,0.960302713583401,0.039697286416598976,1.0045662100456618
4.0,0.0,1,148.0,69.60000000000001,0.23703926309534154,0.005791079779151488,0.6770732516660676,0.3229267483339324,2.126436781609195
4.0,0.0,2,72.0,64.80000000000001,0.24225750358170803,0.005886560797447581,0.7103819969742814,0.2896180030257186,1.111111111111111
4.0,0.0,3,184.0,82.80000000000001,0.22668016214863196,0.005371461531809393,0.6670366259711432,0.3329633740288568,2.222222222222222
4.0,0.0,4,148.0,68.4,0.24066864727962667,0.0058393337833309005,0.6400116159349508,0.3599883840650492,2.1637426900584793
4.0,0.0,5,112.0,69.60000000000001,0.2252135710768409,0.005012308247269855,0.6548791898288293,0.3451208101711707,1.6091954022988504
4.0,1.0,1,393.0,61.2,0.24868400137844124,0.00605961254389328,0.7345333740126784,0.2654666259873216,6.42156862745098
4.0,1.0,2,135.0,60.00000000000001,0.24718151817716028,0.0059959789174762095,0.7756584922797457,0.2243415077202543,2.2499999999999996
4.0,1.0,3,216.0,56.400000000000006,0.24565476073774817,0.005836041848975096,0.7410341951626356,0.2589658048373644,3.829787234042553
4.0,1.0,4,300.0,58.80000000000001,0.25128135338571445,0.006372120535585006,0.696181194066446,0.30381880593355404,5.10204081632653
4.0,1.0,5,256.0,62.400000000000006,0.2403551469180751,0.0057061251190347745,0.7322879096753959,0.2677120903246041,4.102564102564102
4.0,2.0,1,271.0,56.400000000000006,0.2349606377243374,0.005591957887458089,0.7576582709326072,0.24234172906739282,4.804964539007091
4.0,2.0,2,156.0,51.6,0.24940479771184895,0.00589086280840287,0.835403996524761,0.16459600347523895,3.0232558139534884
4.0,2.0,3,408.0,55.2,0.2565229185133326,0.006491756357192696,0.7671117893933613,0.23288821060663867,7.391304347826087
4.0,2.0,4,296.0,51.6,0.243800172753871,0.006184502522102389,0.7428333080539966,0.2571666919460034,5.736434108527131
4.0,2.0,5,275.0,49.20000000000001,0.25329566758842276,0.00652046437837159,0.792358803986711,0.207641196013289,5.589430894308942
4.0,4.0,1,218.0,46.800000000000004,0.251998336514965,0.0065093904347891095,0.7883109871321875,0.2116890128678125,4.658119658119658
4.0,4.0,2,141.0,50.4,0.2577374469648391,0.006447251730907507,0.9001956149645448,0.09980438503545519,2.797619047619048
4.0,4.0,3,200.0,50.4,0.2551621235405486,0.006598193689083704,0.9209409632101512,0.07905903678984882,3.9682539682539684
4.0,4.0,4,254.0,48.00000000000001,0.25443582668867915,0.006703577292312743,0.7809618739097932,0.2190381260902068,5.291666666666666
4.0,4.0,5,248.0,45.60000000000001,0.25498858859143236,0.006687863463136587,0.8435661764705882,0.15643382352941182,5.438596491228069
4.0,8.0,1,162.0,57.60000000000001,0.23595515533902414,0.005442913836582994,0.8383953007142381,0.16160469928576193,2.8124999999999996
4.0,8.0,2,108.0,52.800000000000004,0.24938358152864604,0.005876949540844906,0.9347297403310583,0.06527025966894173,2.0454545454545454
4.0,8.0,3,228.0,42.0,0.2551878603422291,0.00696939515998505,0.8513443906459256,0.1486556093540744,5.428571428571429
4.0,8.0,4,116.0,49.20000000000001,0.2450100723881453,0.006137713557399161,0.8270471058861948,0.1729528941138052,2.357723577235772
4.0,8.0,5,95.0,78.0,0.2257251050216872,0.0053707470298320886,0.9136858650499607,0.08631413495003926,1.2179487179487178
4.0,16.0,1,90.0,68.4,0.2300477378655475,0.005357066451501632,0.9022702759582248,0.09772972404177516,1.3157894736842104
4.0,16.0,2,64.0,64.80000000000001,0.23029669893414767,0.005052690943712561,0.9577355923818947,0.04226440761810535,0.9876543209876542
4.0,16.0,3,112.0,69.60000000000001,0.2221704973943291,0.004604186499370275,0.8858402880509113,0.1141597119490887,1.6091954022988504
4.0,16.0,4,127.0,70.80000000000001,0.21723295139826676,0.004756053532411336,0.8986496893772141,0.10135031062278588,1.793785310734463
4.0,16.0,5,100.0,66.0,0.23240090942859118,0.0055822070476049,0.9140962496216603,0.08590375037833975,1.5151515151515151
4.0,1000.0,1,100.0,76.80000000000001,0.21510664953337663,0.004722668812324627,0.9456817925909244,0.05431820740907556,1.302083333333333
4.0,1000.0,2,83.0,70.80000000000001,0.2203270564575673,0.004797600211687173,0.9757305461311152,0.024269453868884794,1.1723163841807909
4.0,1000.0,3,104.0,70.80000000000001,0.22535354525335582,0.004918860386440016,0.9565369597414838,0.04346304025851622,1.4689265536723162
4.0,1000.0,4,128.0,88.80000000000001,0.2065994986700348,0.004152175152789273,0.9129290079924777,0.08707099200752233,1.4414414414414412
4.0,1000.0,5,91.0,82.80000000000001,0.22139288428768705,0.005419612819296277,0.9584208228519158,0.041579177148084234,1.0990338164251205
4.2,0.0,1,243.0,62.400000000000006,0.24682296015984367,0.006098064046238862,0.6606474952480226,0.3393525047519774,3.8942307692307687
4.2,0.0,2,80.0,73.2,0.24091494643193292,0.005538159142017255,0.7194989561586639,0.2805010438413361,1.0928961748633879
4.2,0.0,3,165.0,70.80000000000001,0.23761984232030608,0.005259324293408081,0.684178066831128,0.31582193316887197,2.3305084745762707
4.2,0.0,4,147.0,62.400000000000006,0.24315656618977183,0.00577885794139914,0.6306897889741218,0.36931021102587824,2.3557692307692304
4.2,0.0,5,136.0,72.0,0.2448860368378096,0.006039251533597304,0.6926540347868035,0.30734596521319646,1.8888888888888888
4.2,1.0,1,430.0,66.0,0.24528282139169716,0.006326344247401048,0.7211190539228665,0.27888094607713354,6.515151515151516
4.2,1.0,2,248.0,58.80000000000001,0.24390575886919957,0.005401984950976764,0.7438722816204815,0.25612771837951853,4.217687074829931
4.2,1.0,3,313.0,57.60000000000001,0.2488463537875546,0.005567733895655125,0.7743969395345542,0.22560306046544576,5.434027777777777
4.2,1.0,4,480.0,70.80000000000001,0.24283737753776982,0.005479912125085118,0.6544425161455518,0.3455574838544482,6.779661016949151
4.2,1.0,5,283.0,55.2,0.26258063920356123,0.00679568367330902,0.7989058668175816,0.20109413318241842,5.1268115942028984
4.2,2.0,1,298.0,45.60000000000001,0.2521861746172166,0.006128770392441018,0.8009432200224131,0.19905677997758686,6.535087719298245
4.2,2.0,2,262.0,51.6,0.2590310607427289,0.006552555308176847,0.824188385916781,0.175811614083219,5.077519379844961
4.2,2.0,3,279.0,57.60000000000001,0.2516602143900198,0.005827050301933797,0.759407796101949,0.24059220389805103,4.843749999999999
4.2,2.0,4,516.0,66.0,0.26017037261121534,0.006695856969126676,0.6949560734032089,0.30504392659679114,7.818181818181818
4.2,2.0,5,109.0,48.00000000000001,0.2506576946585133,0.00578954556013717,0.8447486631016042,0.15525133689839576,2.270833333333333
4.2,4.0,1,336.0,43.2,0.2601042651949662,0.007115467378308334,0.8027104877933607,0.19728951220663926,7.777777777777778
4.2,4.0,2,359.0,48.00000000000001,0.27142477483412253,0.006634978981759967,0.8216697660761476,0.1783302339238524,7.479166666666665
4.2,4.0,3,378.0,49.20000000000001,0.27073618299204716,0.007505950761728813,0.8095714057252519,0.19042859427474812,7.6829268292682915
4.2,4.0,4,164.0,48.00000000000001,0.2468613432428096,0.005863347887763918,0.8097311782932752,0.19026882170672477,3.416666666666666
4.2,4.0,5,242.0,49.20000000000001,0.26869966717388677,0.0069672584890239295,0.8264512268102933,0.17354877318970674,4.918699186991869
4.2,8.0,1,128.0,62.400000000000006,0.2405001270812201,0.005710120931601962,0.9017937219730942,0.09820627802690585,2.051282051282051
4.2,8.0,2,179.0,54.0,0.250466479836909,0.006312299700454817,0.9175418569254186,0.08245814307458144,3.314814814814815
4.2,8.0,3,167.0,49.20000000000001,0.26341924860469784,0.006604485960097354,0.8890118447477355,0.11098815525226446,3.39430894308943
4.2,8.0,4,200.0,57.60000000000001,0.24798114131832505,0.006387694197915754,0.839052446870735,0.160947553129265,3.472222222222222
4.2,8.0,5,107.0,56.400000000000006,0.26325788676290424,0.006730209831619223,0.8901109956071225,0.10988900439287752,1.8971631205673758
4.2,16.0,1,178.0,70.80000000000001,0.2277871739749089,0.005222263552189612,0.9275297285169396,0.0724702714830604,2.5141242937853105
4.2,16.0,2,75.0,70.80000000000001,0.23105578954238046,0.005001339835003315,0.9608316820933199,0.03916831790668007,1.059322033898305
4.2,16.0,3,132.0,73.2,0.23959866417553094,0.005664169085528113,0.950269016239696,0.04973098376030405,1.8032786885245902
4.2,16.0,4,138.0,56.400000000000006,0.23864683364351402,0.005767577395646877,0.9013657056145675,0.09863429438543247,2.4468085106382977
4.2,16.0,5,115.0,48.00000000000001,0.26226737454618715,0.006885419743174282,0.9086303061267935,0.09136969387320648,2.395833333333333
4.2,1000.0,1,226.0,80.4,0.22301868058437013,0.0053117032329238235,0.9315309446254072,0.0684690553745928,2.8109452736318405
4.2,1000.0,2,96.0,70.80000000000001,0.23043243383067963,0.0052076542236751365,0.9692777432516415,0.03072225674835849,1.3559322033898302
4.2,1000.0,3,147.0,64.80000000000001,0.23340925534900955,0.004981318533536183,0.9507807584510668,0.0492192415489332,2.268518518518518
4.2,1000.0,4,124.0,80.4,0.216475910767026,0.004300848919154824,0.9146173852367158,0.08538261476328424,1.5422885572139302
4.2,1000.0,5,115.0,70.80000000000001,0.22767185783713997,0.0051805180316930625,0.9566180496789287,0.04338195032107128,1.6242937853107342
4.4,0.0,1,295.0,66.0,0.2494640760458497,0.0061252078084911106,0.6666103983794733,0.33338960162052667,4.46969696969697
4.4,0.0,2,88.0,68.4,0.24531227980767573,0.005508272360662774,0.6690467058094591,0.33095329419054087,1.286549707602339
4.4,0.0,3,299.0,75.60000000000001,0.249266467158403,0.005697311825569262,0.6260715113136149,0.37392848868638506,3.9550264550264544
4.4,0.0,4,220.0,67.2,0.24113651430832564,0.005496723526209557,0.6743377745010269,0.32566222549897306,3.2738095238095237
4.4,0.0,5,190.0,69.60000000000001,0.2565910335636249,0.006132551247259829,0.71859037061189,0.28140962938811,2.729885057471264
4.4,1.0,1,398.0,62.400000000000006,0.2623145227128369,0.0069343087298172085,0.7639364786505007,0.23606352134949926,6.378205128205128
4.4,1.0,2,248.0,56.400000000000006,0.25817189349151165,0.006173447930771831,0.7510579085814494,0.24894209141855062,4.397163120567376
4.4,1.0,3,369.0,62.400000000000006,0.26363410118083264,0.0061347348080111564,0.7277009125699146,0.27229908743008535,5.913461538461538
4.4,1.0,4,440.0,62.400000000000006,0.2628338544906951,0.006498800392149168,0.6842629181623481,0.3157370818376519,7.05128205128205
4.4,1.0,5,448.0,64.80000000000001,0.25698171674136805,0.006499020430836609,0.7822622020043096,0.21773779799569037,6.913580246913579
4.4,2.0,1,465.0,50.4,0.2598364199812886,0.006065701790541622,0.7862476925658668,0.2137523074341332,9.226190476190476
4.4,2.0,2,480.0,51.6,0.28285633468379173,0.007579483717693057,0.8195437229807816,0.1804562770192184,9.30232558139535
4.4,2.0,3,464.0,51.6,0.27354078823397937,0.00690799603300685,0.7661424026526863,0.2338575973473137,8.992248062015504
4.4,2.0,4,579.0,54.0,0.2671682566640995,0.006762820173534918,0.728171713300115,0.271828286699885,10.722222222222221
4.4,2.0,5,176.0,48.00000000000001,0.2666035010107304,0.0065842970922454485,0.8200156436540282,0.17998435634597176,3.666666666666666
4.4,4.0,1,191.0,49.20000000000001,0.26281917638927915,0.0068392280332147575,0.8642960543409673,0.13570394565903265,3.8821138211382107
4.4,4.0,2,181.0,43.2,0.2764890688788482,0.007041071664235351,0.8832993671564947,0.11670063284350529,4.189814814814815
4.4,4.0,3,212.0,50.4,0.25149076321924635,0.005381429362013901,0.8714957813289785,0.12850421867102146,4.2063492063492065
4.4,4.0,4,306.0,42.0,0.260862503348328,0.006399980025147852,0.814658762432022,0.18534123756797805,7.285714285714286
4.4,4.0,5,208.0,45.60000000000001,0.2619484104514625,0.005745945016647586,0.8735111853381972,0.12648881466180284,4.561403508771929
4.4,8.0,1,246.0,51.6,0.25209793736872715,0.006336430431779902,0.9052472484886064,0.09475275151139362,4.767441860465116
4.4,8.0,2,116.0,50.4,0.27126678496392,0.007598744367098079,0.9099472016895459,0.0900527983104541,2.301587301587302
4.4,8.0,3,211.0,52.800000000000004,0.2597299262757681,0.005687220552726606,0.9049515804860223,0.09504841951397769,3.996212121212121
4.4,8.0,4,251.0,62.400000000000006,0.24434530562645712,0.005419587391413341,0.8220236157556746,0.17797638424432538,4.022435897435897
4.4,8.0,5,220.0,48.00000000000001,0.25747338555415333,0.006130470341713323,0.9018731375053214,0.09812686249467861,4.583333333333333
4.4,16.0,1,232.0,70.80000000000001,0.2470197331407584,0.006011923973100809,0.9017248006149707,0.09827519938502927,3.27683615819209
4.4,16.0,2,80.0,56.400000000000006,0.25328237629247585,0.006005139946948012,0.9367448471926084,0.06325515280739158,1.4184397163120566
4.4,16.0,3,164.0,55.2,0.25890137303758104,0.005923775528833839,0.9104859335038363,0.08951406649616367,2.971014492753623
4.4,16.0,4,190.0,64.80000000000001,0.2409205816062021,0.005503769319657608,0.8902750937819711,0.10972490621802888,2.9320987654320985
4.4,16.0,5,164.0,66.0,0.24483642836847072,0.005435248502994586,0.9344248806977127,0.06557511930228732,2.484848484848485
4.4,1000.0,1,169.0,68.4,0.2351166152838025,0.005263153885519188,0.9378277531262605,0.062172246873739456,2.4707602339181283
4.4,1000.0,2,60.0,66.0,0.25038055863355596,0.005944008946320523,0.9586492273858441,0.04135077261415587,0.9090909090909091
4.4,1000.0,3,124.0,70.80000000000001,0.2393981671789092,0.005060114434701413,0.9688957608555598,0.03110423914444016,1.7514124293785307
4.4,1000.0,4,170.0,85.20000000000002,0.21870915986276243,0.004429834358211378,0.9165683730439569,0.08343162695604311,1.9953051643192485
4.4,1000.0,5,123.0,63.6,0.24007153122088104,0.005409515626044025,0.956297548605241,0.043702451394759034,1.9339622641509433
4.6,0.0,1,293.0,73.2,0.2535213754369781,0.006010181083825508,0.655917871273047,0.344082128726953,4.002732240437158
4.6,0.0,2,88.0,61.2,0.26013672809740374,0.005638151541629063,0.7410903486804084,0.25890965131959165,1.4379084967320261
4.6,0.0,3,282.0,79.2,0.25178171016883144,0.005615365449870506,0.6611184747145188,0.3388815252854812,3.5606060606060606
4.6,0.0,4,207.0,73.2,0.2562852155341939,0.005866529546099647,0.6450529187400541,0.3549470812599459,2.8278688524590163
4.6,0.0,5,156.0,75.60000000000001,0.2622406188947227,0.0063039934025755145,0.7133382461311717,0.2866617538688283,2.0634920634920633
4.6,1.0,1,524.0,64.80000000000001,0.27619276443813245,0.0075063808545598725,0.7415497543361156,0.2584502456638844,8.086419753086417
4.6,1.0,2,292.0,60.00000000000001,0.26626965215363296,0.006082574234070282,0.7644725517344609,0.23552744826553906,4.866666666666666
4.6,1.0,3,378.0,58.80000000000001,0.27756326128906167,0.006558773688974524,0.7538759689922481,0.24612403100775193,6.428571428571427
4.6,1.0,4,425.0,56.400000000000006,0.27036376920989474,0.006617055604404498,0.6642009402636684,0.3357990597363316,7.535460992907801
4.6,1.0,5,224.0,56.400000000000006,0.27348372646389274,0.006911463410876748,0.7834830979888746,0.2165169020111254,3.9716312056737584
4.6,2.0,1,332.0,50.4,0.27933756116258196,0.007177890800537354,0.8220248058023261,0.17797519419767394,6.587301587301588
4.6,2.0,2,144.0,46.800000000000004,0.28014487624454326,0.007125152177197209,0.8490084861275997,0.15099151387240028,3.0769230769230766
4.6,2.0,3,475.0,55.2,0.272830388910627,0.006287123095023635,0.7335784788078189,0.2664215211921811,8.605072463768115
4.6,2.0,4,514.0,55.2,0.2747329134777841,0.0064860395315395674,0.7108318921399075,0.2891681078600925,9.31159420289855
4.6,2.0,5,197.0,51.6,0.2800885409139914,0.006860335576817322,0.8246631807946262,0.1753368192053738,3.8178294573643408
4.6,4.0,1,290.0,54.0,0.2686700286275049,0.007162472540249903,0.8653174440106842,0.13468255598931578,5.37037037037037
4.6,4.0,2,228.0,48.00000000000001,0.2777353463055894,0.00701440744738748,0.837104743083004,0.16289525691699602,4.749999999999999
4.6,4.0,3,353.0,51.6,0.2749591426469276,0.00645089835604576,0.8188334157192289,0.18116658428077115,6.841085271317829
4.6,4.0,4,254.0,54.0,0.2789045529119729,0.006604320968818597,0.7573344657960859,0.24266553420391412,4.703703703703703
4.6,4.0,5,136.0,50.4,0.2664522591191192,0.006404320902445729,0.8885603112840467,0.11143968871595333,2.6984126984126986
4.6,8.0,1,255.0,56.400000000000006,0.2692311405347234,0.006842902083828324,0.898987648032599,0.10101235196740099,4.5212765957446805
4.6,8.0,2,72.0,55.2,0.2639354245665302,0.005966972284936706,0.9325706546918993,0.06742934530810074,1.3043478260869565
4.6,8.0,3,154.0,54.0,0.27125552145289555,0.0067461851259221,0.8860597866907015,0.11394021330929849,2.8518518518518516
4.6,8.0,4,148.0,68.4,0.24870749402962739,0.005601675481026648,0.8607558594769535,0.13924414052304646,2.1637426900584793
4.6,8.0,5,190.0,45.60000000000001,0.26437097753637584,0.006196077853320288,0.8972704714640198,0.10272952853598016,4.166666666666666
4.6,16.0,1,215.0,69.60000000000001,0.2557534960200484,0.006310504843885478,0.9058262118666764,0.09417378813332355,3.0890804597701145
4.6,16.0,2,128.0,66.0,0.25845254202332296,0.0061140948871525,0.9019723458828385,0.09802765411716152,1.9393939393939394
4.6,16.0,3,179.0,63.6,0.25441458190466054,0.005693576340530252,0.9179168770981254,0.08208312290187458,2.8144654088050314
4.6,16.0,4,184.0,58.80000000000001,0.25466446058950587,0.005363306536607089,0.8499172158555984,0.15008278414440157,3.1292517006802716
4.6,16.0,5,103.0,73.2,0.25469044962755893,0.005962178752475376,0.9391215872477531,0.060878412752246924,1.407103825136612
4.6,1000.0,1,253.0,67.2,0.2434846215685787,0.005772477348995127,0.9250493609061623,0.0749506390938377,3.764880952380952
4.6,1000.0,2,75.0,66.0,0.24617161044015776,0.005440363007028224,0.9481221059852513,0.05187789401474874,1.1363636363636365
4.6,1000.0,3,283.0,72.0,0.24570054187549267,0.0050854442427588995,0.942362173139118,0.057637826860882035,3.9305555555555554
4.6,1000.0,4,211.0,81.6,0.23691869010201946,0.005350741945963305,0.8949730321928199,0.10502696780718013,2.5857843137254903
4.6,1000.0,5,126.0,67.2,0.25944553899352735,0.005928514592109959,0.9583333333333334,0.04166666666666663,1.875
